Country,Recycling,Environmental policies,GDP per capita,Perception of corruption,Lead exposure,Unsafe drinking water
Australia,52.9,2.92,10.821048736572266,0.4959157407283783,76.4,81.2
Spain,27.7,2.5,10.540300369262695,0.7105185389518738,70.5,94.8
Difference,25.2,0.4199999999999999,0.2807483673095703,-0.2146027982234954,5.900000000000006,-13.599999999999994
Difference in %,91.0,16.8,3.0,-30.0,8.0,-14.000000000000002
